step,loss,test_mua_%
100,0.00014991225907579064,6.64499044418335
200,0.00015832195640541613,5.58839750289917
300,4.4062762754037976e-05,4.530003070831299
400,7.996397471288219e-05,4.4661407470703125
500,2.8476772058638744e-05,3.9372458457946777
600,4.365374843473546e-05,3.712669849395752
700,2.2009167878422886e-05,3.384165048599243
800,1.94527401617961e-05,3.3345870971679688
900,1.7937129086931236e-05,3.1565213203430176
1000,1.6499610865139402e-05,3.0260121822357178
1100,1.5745143173262477e-05,2.9837539196014404
1200,1.436484217265388e-05,2.873354911804199
1300,2.027923801506404e-05,2.8154537677764893
1400,1.3085130376566667e-05,2.578701972961426
1500,1.6438090824522078e-05,2.424556255340576
