,C1-Arm-Left,C1-Arm-Right,C1-Hand-Left,C1-Hand-Right,C2-Arm-Left*,C2-Arm-Right*,C2-Hand-Left*,C2-Hand-Right*,C3-Arm-Left,C3-Arm-Right,C3-Hand-Left,C3-Hand-Right,P1-Arm-Left,P1-Arm-Right,P1-Hand-Left,P1-Hand-Right,P2-Arm-Left,P2-Arm-Right,P2-Hand-Left,P2-Hand-Right
mua 471,9.33,19.98,,27.79,4.07,3.29,10.25,3.03,43.07,42.54,45.93,47.12,,,10.70,37.57,16.48,18.01,14.02,6.32
mua 526,4.44,,,24.40,16.76,12.75,16.49,13.92,18.72,15.03,32.76,30.65,20.37,17.38,11.46,20.14,16.86,11.94,14.71,13.30
mua 591,8.12,7.46,11.38,10.77,5.76,5.56,7.77,8.92,8.19,7.63,10.68,10.09,6.49,6.52,7.83,6.46,6.22,4.14,6.66,7.45
mua 621,3.96,3.46,6.73,6.47,3.82,3.82,4.26,4.48,4.04,3.86,5.55,5.67,3.79,3.68,3.72,3.81,4.07,4.15,3.95,4.10
mua 691,3.56,3.15,4.12,3.63,4.89,4.98,4.59,4.55,3.96,4.00,3.88,3.92,4.93,4.46,4.30,4.20,4.64,4.97,4.61,4.58
mua 731,3.88,3.61,4.06,3.63,5.44,5.92,5.10,5.24,4.53,4.74,4.11,4.24,5.31,4.85,4.45,4.25,4.97,4.54,4.97,4.97
mua 811,4.48,4.38,4.10,4.02,4.99,5.94,5.96,5.20,6.07,6.17,4.69,4.92,4.28,4.53,4.08,3.96,4.93,6.82,4.31,4.86
mua 851,4.60,4.49,4.12,4.12,5.02,6.23,5.91,5.19,6.30,6.28,4.77,5.04,4.03,4.43,4.11,3.90,4.78,7.06,4.23,4.74
musp 471,1.08,1.48,,4.45,0.75,1.38,1.16,0.93,19.88,20.42,23.99,25.57,,,4.01,14.21,7.70,8.88,6.11,1.99
musp 526,0.95,,,2.85,7.12,4.70,7.01,6.09,7.95,7.73,14.32,13.97,10.62,7.87,4.14,7.73,7.64,3.39,6.01,5.38
musp 591,1.66,1.22,3.23,2.89,3.33,3.17,2.03,1.72,1.87,2.18,4.07,3.93,2.83,2.61,1.87,2.61,3.17,5.07,2.44,1.99
musp 621,4.14,3.82,1.96,1.68,6.22,5.92,5.09,5.14,5.17,5.43,3.46,3.31,5.93,5.99,5.70,5.99,5.52,5.80,5.89,5.81
musp 691,6.02,5.90,5.46,5.07,5.98,5.72,5.84,5.80,6.10,6.07,6.04,5.87,5.88,5.88,5.99,5.95,5.69,5.34,5.79,5.90
musp 731,6.26,6.17,6.24,5.97,5.84,5.41,5.76,5.68,5.95,5.87,6.12,5.98,5.72,5.56,5.50,5.66,5.65,5.24,5.60,5.68
musp 811,6.02,5.96,6.29,6.21,5.92,5.44,5.72,5.66,5.52,5.52,5.94,5.83,5.66,5.34,4.86,5.37,5.57,5.44,5.48,5.56
musp 851,6.00,5.93,6.21,6.18,5.95,5.50,5.77,5.72,5.45,5.46,5.87,5.75,5.60,5.27,4.70,5.28,5.57,5.43,5.49,5.55
held-out mean mua,6.19,6.19,6.19,6.19,6.19,6.19,6.19,6.19,6.19,6.19,6.19,6.19,6.19,6.19,6.19,6.19,6.19,6.19,6.19,6.19
held-out mean musp,5.51,5.51,5.51,5.51,5.51,5.51,5.51,5.51,5.51,5.51,5.51,5.51,5.51,5.51,5.51,5.51,5.51,5.51,5.51,5.51
