,C1-Arm-Left,C1-Arm-Right,C1-Hand-Left,C1-Hand-Right,C2-Arm-Left*,C2-Arm-Right*,C2-Hand-Left,C2-Hand-Right,C3-Arm-Left,C3-Arm-Right,C3-Hand-Left,C3-Hand-Right
mua 471,7.46,5.23,6.12,7.14,7.16,15.94,11.93,7.44,6.95,9.70,13.84,9.74
mua 526,3.25,4.22,3.48,3.43,3.94,7.82,4.47,5.94,3.13,4.73,6.07,4.57
mua 591,2.02,3.03,2.46,2.33,2.82,1.19,2.01,6.94,2.90,2.72,3.77,3.29
mua 621,1.94,1.78,1.91,1.82,1.70,1.28,1.49,1.69,2.05,1.78,1.23,1.64
mua 691,1.83,3.04,2.30,1.96,2.19,1.71,1.68,1.69,1.43,1.54,1.87,1.79
mua 731,2.12,3.89,2.83,2.32,2.49,1.90,1.72,1.50,1.35,1.47,1.74,1.88
mua 811,1.65,2.70,1.82,1.46,1.74,1.74,1.41,1.51,1.21,1.34,1.50,1.41
mua 851,1.49,2.68,1.72,1.32,1.66,1.70,1.32,2.32,1.15,1.43,1.68,1.41
musp 471,4.53,4.58,4.39,4.43,4.78,9.25,6.65,5.88,3.67,5.48,9.18,6.54
musp 526,6.42,8.50,7.24,6.71,6.83,3.47,4.17,7.67,6.71,5.52,4.49,5.95
musp 591,8.65,9.23,8.90,8.79,9.21,6.24,8.38,11.86,9.23,8.83,9.45,9.49
musp 621,6.29,6.49,6.37,6.34,6.47,5.56,6.35,7.54,6.46,6.48,7.08,6.82
musp 691,6.80,7.20,6.93,6.83,6.81,6.26,6.51,6.82,6.72,6.63,6.55,6.72
musp 731,7.19,7.75,7.38,7.24,7.21,6.59,6.75,7.07,7.07,6.91,6.64,6.96
musp 811,7.12,7.78,7.34,7.20,7.21,6.66,6.79,7.42,7.04,6.97,6.94,7.09
musp 851,7.18,7.91,7.42,7.27,7.32,6.72,6.88,7.77,7.12,7.09,7.21,7.28
held-out mean mua,3.08,3.08,3.08,3.08,3.08,3.08,3.08,3.08,3.08,3.08,3.08,3.08
held-out mean musp,7.01,7.01,7.01,7.01,7.01,7.01,7.01,7.01,7.01,7.01,7.01,7.01
