,C1-Arm-Left,C1-Arm-Right,C1-Hand-Left,C1-Hand-Right,C2-Arm-Left,C2-Arm-Right,C2-Hand-Left*,C2-Hand-Right*,C3-Arm-Left,C3-Arm-Right,C3-Hand-Left,C3-Hand-Right,P1-Arm-Left,P1-Arm-Right,P1-Hand-Left,P1-Hand-Right,P2-Arm-Left,P2-Arm-Right,P2-Hand-Left,P2-Hand-Right
mua 471,10.16,21.64,,28.33,4.22,3.41,10.70,3.36,45.32,44.80,48.50,49.83,,,10.81,35.20,16.56,18.04,14.11,6.20
mua 526,4.65,,,25.45,16.82,12.81,16.55,13.95,19.59,15.69,34.42,32.23,20.40,17.43,11.55,19.24,16.89,12.00,14.79,13.34
mua 591,8.26,7.60,11.45,10.87,5.85,5.69,7.85,9.01,8.30,7.73,10.83,10.26,6.51,6.61,8.01,6.63,6.27,4.32,6.80,7.59
mua 621,4.22,3.75,6.95,6.66,4.67,4.50,4.78,4.90,4.29,4.18,5.67,5.83,4.70,4.31,4.01,4.27,4.94,5.55,4.63,4.63
mua 691,3.98,3.55,4.27,3.90,6.40,6.53,5.59,5.80,4.92,5.09,4.39,4.47,6.48,6.03,5.47,5.78,6.22,6.60,6.29,6.11
mua 731,4.63,4.29,4.32,3.96,6.60,7.47,6.00,6.42,5.87,6.10,4.94,5.02,6.79,6.60,6.33,6.30,6.66,6.30,6.72,6.62
mua 811,5.84,5.72,5.10,4.84,6.09,7.52,7.38,6.41,7.29,7.19,5.78,5.78,5.86,6.41,6.75,6.21,6.50,8.36,6.28,6.97
mua 851,6.02,5.93,5.26,5.01,6.22,7.92,7.36,6.47,7.36,7.16,5.85,5.87,5.84,6.39,6.81,6.21,6.45,8.66,6.22,6.93
musp 471,0.57,0.67,,5.24,1.30,1.64,0.62,1.11,19.42,19.85,23.00,24.40,,,3.15,15.97,6.28,7.25,5.04,2.02
musp 526,1.23,,,2.90,5.21,3.53,5.18,4.82,8.07,7.36,14.49,13.97,8.75,6.05,3.54,6.78,5.94,2.59,4.60,4.25
musp 591,2.00,1.90,2.03,2.07,5.08,4.82,3.05,2.40,2.70,3.30,3.23,3.35,4.45,4.15,2.50,3.89,4.59,6.55,3.92,3.30
musp 621,5.84,5.48,3.41,2.95,7.22,6.99,6.41,6.43,6.67,6.83,5.11,4.85,6.96,7.15,7.15,7.21,6.52,6.45,6.94,6.95
musp 691,7.28,7.23,7.06,6.69,6.49,6.27,6.68,6.53,7.02,6.94,7.26,7.10,6.37,6.36,6.55,6.39,6.24,5.60,6.23,6.42
musp 731,7.22,7.20,7.48,7.31,6.27,5.77,6.46,6.28,6.63,6.51,7.10,7.00,6.02,5.80,5.66,5.83,6.03,5.40,5.87,5.99
musp 811,6.56,6.53,7.04,7.11,6.44,5.80,6.38,6.24,6.00,6.04,6.72,6.68,5.82,5.33,4.58,5.27,5.80,5.56,5.60,5.76
musp 851,6.49,6.44,6.91,7.03,6.47,5.87,6.42,6.29,5.94,5.98,6.65,6.60,5.66,5.20,4.37,5.13,5.78,5.53,5.59,5.71
held-out mean mua,7.10,7.10,7.10,7.10,7.10,7.10,7.10,7.10,7.10,7.10,7.10,7.10,7.10,7.10,7.10,7.10,7.10,7.10,7.10,7.10
held-out mean musp,6.15,6.15,6.15,6.15,6.15,6.15,6.15,6.15,6.15,6.15,6.15,6.15,6.15,6.15,6.15,6.15,6.15,6.15,6.15,6.15
