,C1-Arm-Left*,C1-Arm-Right*,C1-Hand-Left*,C1-Hand-Right*,C2-Arm-Left,C2-Arm-Right,C2-Hand-Left,C2-Hand-Right,C3-Arm-Left,C3-Arm-Right,C3-Hand-Left,C3-Hand-Right,P1-Arm-Left,P1-Arm-Right,P1-Hand-Left,P1-Hand-Right,P2-Arm-Left,P2-Arm-Right,P2-Hand-Left,P2-Hand-Right
mua 471,4.41,5.91,,7.23,6.22,4.94,4.29,4.70,35.26,34.63,36.25,36.70,,,11.59,5.97,16.61,18.32,14.36,7.94
mua 526,6.00,,,6.96,17.00,13.42,16.70,14.82,15.40,12.58,26.43,24.51,20.50,17.63,12.29,12.14,17.12,12.27,15.07,13.98
mua 591,9.00,8.50,12.20,11.32,6.10,6.05,8.30,9.22,8.50,7.91,10.50,9.65,7.21,6.97,8.48,6.79,6.90,5.01,6.96,7.75
mua 621,4.39,4.14,7.06,7.20,4.91,5.28,5.23,5.81,4.89,4.92,6.08,6.31,4.96,4.80,4.34,4.76,5.47,4.33,5.34,5.45
mua 691,4.42,3.91,4.54,4.05,5.24,7.06,5.51,4.99,4.81,4.49,4.95,4.71,4.89,4.89,5.34,4.52,4.43,8.64,4.54,4.92
mua 731,4.90,4.61,5.12,4.40,10.86,11.92,8.89,7.39,4.52,4.73,4.90,4.84,9.02,7.31,4.89,4.95,5.79,16.99,6.86,6.82
mua 811,5.47,4.79,5.54,4.96,29.95,27.66,22.19,18.57,7.55,9.69,5.01,6.15,21.76,17.51,4.76,8.23,11.11,40.90,15.38,17.50
mua 851,5.93,4.76,5.39,4.93,32.46,30.42,22.41,19.21,9.32,11.52,5.07,6.52,21.39,18.31,4.67,7.47,10.47,41.24,14.28,17.10
musp 471,10.73,24.91,,32.53,3.64,3.88,10.84,4.31,14.05,14.02,16.05,16.77,,,6.80,25.92,10.22,11.28,8.76,3.32
musp 526,4.10,,,29.68,9.21,6.51,9.24,8.23,6.53,6.98,9.93,9.87,13.08,10.09,5.70,12.17,10.15,5.31,8.08,7.14
musp 591,2.52,2.05,4.90,5.02,1.50,1.84,2.05,2.56,2.33,2.03,5.18,4.86,1.27,1.65,2.31,2.15,2.02,3.17,1.74,1.89
musp 621,2.43,2.25,1.60,1.61,4.56,4.23,3.03,2.94,3.24,3.47,1.85,1.86,4.12,4.20,3.91,4.35,3.74,4.40,4.11,3.86
musp 691,4.26,4.17,3.51,3.24,4.85,4.48,4.22,4.19,4.52,4.56,4.19,4.03,4.74,4.65,4.66,4.82,4.32,4.15,4.64,4.61
musp 731,4.69,4.57,4.38,4.18,4.75,4.23,4.30,4.26,4.58,4.53,4.42,4.26,4.68,4.42,4.35,4.65,4.45,3.98,4.60,4.57
musp 811,4.73,4.65,4.74,4.66,4.65,4.06,4.30,4.31,4.29,4.24,4.39,4.22,4.45,4.04,3.74,4.30,4.42,3.91,4.43,4.41
musp 851,4.77,4.67,4.70,4.66,4.66,4.06,4.36,4.37,4.21,4.16,4.29,4.12,4.35,3.94,3.55,4.16,4.43,3.89,4.43,4.39
held-out mean mua,10.81,10.81,10.81,10.81,10.81,10.81,10.81,10.81,10.81,10.81,10.81,10.81,10.81,10.81,10.81,10.81,10.81,10.81,10.81,10.81
held-out mean musp,4.26,4.26,4.26,4.26,4.26,4.26,4.26,4.26,4.26,4.26,4.26,4.26,4.26,4.26,4.26,4.26,4.26,4.26,4.26,4.26
