run,model,train,wavelengths,held_out_mua_%,held_out_musp_%
all_wavelengths,pcbc,"C2-Arm-Left,C2-Arm-Right,C2-Hand-Left,C2-Hand-Right","471,526,591,621,691,731,811,851",3.11,6.39
wl_621_851,pcbc,"C2-Arm-Left,C2-Arm-Right,C2-Hand-Left,C2-Hand-Right","621,691,731,811,851",11.90,8.79
wl_811_851,pcbc,"C2-Arm-Left,C2-Arm-Right,C2-Hand-Left,C2-Hand-Right","811,851",13.37,10.10
wl_811,pcbc,"C2-Arm-Left,C2-Arm-Right,C2-Hand-Left,C2-Hand-Right",811,13.35,10.43
wl_471_526,pcbc,"C2-Arm-Left,C2-Arm-Right,C2-Hand-Left,C2-Hand-Right","471,526",42.66,44.65
site_C2_arm,pcbc,"C2-Arm-Left,C2-Arm-Right","471,526,591,621,691,731,811,851",3.08,7.01
site_C2_hand,pcbc,"C2-Hand-Left,C2-Hand-Right","471,526,591,621,691,731,811,851",3.98,5.13
subject_C1,pcbc,"C1-Arm-Left,C1-Arm-Right,C1-Hand-Left,C1-Hand-Right","471,526,591,621,691,731,811,851",3.65,6.42
model_cuccia,cuccia,"C2-Arm-Left,C2-Arm-Right,C2-Hand-Left,C2-Hand-Right","471,526,591,621,691,731,811,851",3.84,14.44
