,C1-Arm-Left,C1-Arm-Right,C1-Hand-Left,C1-Hand-Right,C2-Arm-Left*,C2-Arm-Right*,C2-Hand-Left*,C2-Hand-Right*,C3-Arm-Left,C3-Arm-Right,C3-Hand-Left,C3-Hand-Right
mua 471,4.59,3.51,4.02,4.48,4.96,10.93,8.38,7.03,4.11,6.53,11.73,7.69
mua 526,2.13,4.04,2.74,2.57,2.97,3.81,2.44,4.59,2.09,2.81,4.20,3.12
mua 591,22.27,27.99,24.31,22.63,22.02,11.60,14.43,17.13,21.18,17.12,9.34,16.64
mua 621,44.57,50.24,46.63,45.12,45.79,29.07,37.36,48.49,45.08,40.44,35.51,41.84
mua 691,58.75,62.59,60.10,59.14,60.13,45.57,54.03,65.44,59.89,56.50,54.76,58.45
mua 731,64.74,67.80,65.82,65.05,65.95,53.39,60.88,70.79,65.82,62.95,61.71,64.71
mua 811,70.81,73.56,71.83,71.10,71.69,60.98,67.12,74.76,71.59,68.86,66.73,69.97
mua 851,73.42,75.96,74.35,73.68,74.14,64.25,69.78,76.46,74.04,71.40,68.88,72.23
musp 471,4.76,5.50,5.17,4.96,5.06,6.27,5.43,6.53,4.19,4.91,7.89,6.52
musp 526,6.21,6.38,6.34,6.20,6.37,3.52,5.24,7.37,7.12,6.28,5.39,6.23
musp 591,13.21,18.67,15.34,13.96,12.92,8.11,8.28,8.99,11.86,9.72,5.00,9.66
musp 621,47.55,53.58,49.82,48.20,47.44,36.68,39.38,42.33,46.46,41.85,31.97,40.53
musp 691,68.58,73.30,70.37,69.17,68.77,58.25,62.03,66.46,68.26,64.25,56.65,63.46
musp 731,73.85,77.98,75.47,74.37,74.07,64.18,68.01,72.22,73.66,69.96,63.21,69.34
musp 811,74.90,79.01,76.54,75.44,75.05,65.10,68.95,72.80,74.71,70.88,63.74,70.14
musp 851,75.65,79.63,77.21,76.15,75.72,65.81,69.65,73.28,75.39,71.59,64.25,70.73
held-out mean mua,42.66,42.66,42.66,42.66,42.66,42.66,42.66,42.66,42.66,42.66,42.66,42.66
held-out mean musp,44.65,44.65,44.65,44.65,44.65,44.65,44.65,44.65,44.65,44.65,44.65,44.65
